,100-1- -a,245-1-0-a,260- - -c,653- - -a,lang,year,245-1-0-b,245-1-3-a,245-1-3-b
2011062708095,"Holm, Dagny",Zeppelin,2007,"grunnskolen, k06, lesebøker, lærebøker, mellomtrinnet, norsk",nno,2016,,,
2014111907535,"Holm, Dagny",Zeppelin,2007,"grunnskolen, k06, lesebøker, lærebøker, norsk",nno,2015,,,
2015090906138,"Daynes, Katie.",,2015,"barnebøker, drager, draker, lettlest",nno,2015,,,
2015091006002,"Punter, Russell.",,2015,"barnebøker, lettlest",nno,2015,,,
2015091006003,"Punter, Russell.",,2015,"barnebøker, katter, lettlest",nno,2015,,,
2015091006004,"Likar, Gudrun.",Prinsesse Fibi og draken,2015,"barnebøker, drager, draker, lettlest, prinsesser",nno,2015,,,
2015091006005,"Berge, Atle",Matias Maradona,2015,"barnebøker, fotball, lettlest",nno,2015,,,
2015091506021,"Muszynski, Eva",Cowboy-Claus og den prompande ponnien,2015,"barnebøker, lettlest",nno,2015,,,
2015091506022,"Mackinnon, Mairi.",Sola og vinden :,2015,"barnebøker, fabler, lettlest, æsop",nno,2015,basert på ein fabel av Æsop,,
2015091506023,"Heinlein, Sylvia",,2015,"barnebøker, lettlest",nno,2015,,,
2015091506024,"Markhus, Vegard",Epleslang,2015,"barnebøker, barnelitteratur, lettlest, norsk",nno,2015,,,
2015091506131,"Baltscheit, Martin.","Felline, professor Pål og kjemisettet",2015,,nno,2015,,,
2017111748095,"Sønnesyn, Gunvor",Abel,Cop. 2015,"grunnskole, lærebøker, matematikk",nno,2015,matematikk for grunnskulen,,
2017112048523,"Einarsen, Heidi Guttorm",,Cop. 2015,"geografi, grunnskole, k06, kunnskapsløftet, lærebøker, læreverk, samisk, språk",sme,2015,,,
2017112148519,"Sønnesyn, Gunvor",Abel,Cop. 2015,"grunnskolen, k13, kunnskapsløftetk06, lærebøker, læreplan, læreverk, matematikk, revidert",nob,2015,matematikk for grunnskolen,,
2017112148522,"Sønnesyn, Gunvor",Abel,Cop. 2015,"grunnskolen, k13, kunnskapsløftetk06, lærebøker, læreplan, læreverk, matematikk, revidert",nob,2015,matematikk for grunnskolen,,
2017112348581,"Sønnesyn, Gunvor",Abel,Cop. 2015,"grunnskole, lærebøker, matematikk",nno,2015,matematikk for grunnskulen,,
2017121808074,"Nesbø, Jo",Doktor Proktors tidsbadekar,2015,,nob,2015,,,
2017121908077,"Svingen, Vegard",Fredrik Fompel og tankemonstrene,cop. 2015,,nob,2015,,,
2018013048165,"Arvola, Ingeborg",Ryktet,2015,,nob,2015,,,
2018013048317,"Buchweitz, Donaldo.",Sjakk for barn,2015,,nob,2015,,,
2018013148155,"Scollon, Bill.",Doktor McStuffins,2015,,nob,2015,,,
2018020148018,"Ewo, Jon",Otto Monsters strandkaos,2015,"barnebøker, barnelitteratur, humor, lettlest, monstre, norsk",nob,2015,,,
2018020148076,"Drescher, Daniela",,cop. 2015,,nob,2015,,En midtsommernattsdrøm,
2018020148095,"Gordan, Kajsa",Kjelle i hundebarnehagen,2015,"barnehager, billedbøker, hunder",nob,2015,,,
2018020148157,"Stranger, Simon",Bestefar på rømmen,2015,"alzheimers, barnebarn, barnebøker, barnelitteratur, besteforeldre, billedbøker, demens, norsk, sykdom",nob,2015,,,
2018020248164,"Bringsværd, Tor Åge",Ulvegutten,2015,"barnebøker, barnelitteratur, lettlest, norsk",nob,2015,,,
2018020248165,"Bringsværd, Tor Åge",Tell med Tambar :,2015,"aktivitetsbøker, barnebøker, barnelitteratur, billedbøker, norsk, tall, troll",nob,2015,en aktivitetsbok,,
2018020248200,"Ganeri, Anita",Jorden på 2 minutter,cop. 2015,,nob,2015,,,
2018020548069,"Hofstad, Gunnleik",Venner for alltid :,2015,,nob,2015,"en bok for tenåringer om relasjoner, kjærlighet og sex",,
2018020848041,"Diskin, Elizabeth",Enter 8,2015,"engelsk, k13, lærebøker, læreverk, ungdomsskole, ungdomstrinnet",mul,2015,engelsk for ungdomstrinnet,,
2018020848059,"Durham, Paul.",Lykkeravnene,2015,,nob,2015,,,
2018021248060,"From, Käte",Jeg tør ikke :,2015,"angst, barn, barnebøker, barnehagen, foreldre, intervensjon, mestring, panikk, panikkangst, psykologi, skolen, sosial",nob,2015,Line og Hamid engster seg,,
2018022048009,"Wright, Sally Ann.",Bibelandaktsboka,cop. 2015,,nob,2015,,,
2018030248032,"Kroglund, Torolf",Tenk brett :,2015,"rullebrett, skateboarding, skating, sport",nob,2015,skateboarding i Norge,,
2018030548012,"Aamodt, Ingunn",Pulverheksa og trollet,2015,"barnebøker, bildebok, billedbøker",nob,2015,,,
2018030548092,"Naas, Tor Erling",Ulvehjerte,2015,,nob,2015,,,
2018030648100,"Bioret, Hugues",Paris for barn :,2015,,nob,2015,64 sider med fakta og lek for å oppdage Paris,,
2018031248066,"Pettersen, Siri",Råta,2015,,nob,2015,,,
2018031248072,"Svingen, Arne",Stormen,2015,"barnebøker, grøsser",nob,2015,,,
2018032348058,"Evensen, Liv Eirill",Drømmen om Neboria,2015,,nob,2015,,,
2018032348091,"Williamson, Karen.",Godnatthistorier fra Bibelen :,cop. 2015,,nob,2015,"tre, fem og ti minutters fortellinger",,
2018041648021,"Adams, Anne",Bibel-fakta,cop. 2015,,nob,2015,,,
2018041948072,"Tullet, Hervé",Farger,cop. 2015,"bildebøker, billedbøker, farger",nob,2015,,,
2018042048091,"Peers, Bobbie",Luridiumstyven,2015,,nob,2015,,,
2018042348631,"Benge, Janet",David Livingstone :,2015,,nob,2015,Afrikas ildsjel,,
2018050348007,"Teckentrup, Britta",Sirkel-jakt,2015,"bildebøker, billedbøker, former, geometri, norsk barnelitteratur",nob,2015,,,
2018050348020,"Brown, Pierce.",Rød revolt,cop. 2015,"fiction, framtidssamfunn, science, ungdomsbøker",nob,2015,,,
2018050448035,"Gaarder, Jostein",Sofies verden,2015,,nob,2015,,,
2018050448237,"Bringsværd, Tor Åge",Karsten + Petra i Afrika :,2015,,nob,2015,aktivitetsbok med flotte klistremerker og en helt ny historie om Løveungen og Frøken Kanin,,
2018050448238,"Straffi, Iginio",,[2015],,nob,2015,,,
2018050748007,"Blanco, Laura",Moro med verdier :,2015,,nob,2015,52 uker med aktiviteter for å lære barna,,
2018050748080,"Blerk, René van.",,2015,"bildebøker, billedbøker, edvard, gogh, munch, van, vincent",nob,2015,,En strålende dag :,med Edvard Munch og Vincent van Gogh
2018050748283,"Hellstenius, Axel",Nærkamp,2015,,nob,2015,,,
2018050748307,"Taavetti, Salla",Finsk :,[2015?],"finsk, grunnskole, lærebøker, språk",mul,2015,6,,
2018050748567,"Egeland, Tom",Mumiens mysterium,cop. 2015,"barnebøker, krim, litteratur, norsk, romaner, spenning, ungdomsbøker",nob,2015,,,
2018050748568,"Røssland, Tor Arve",Glimt,2015,,nno,2015,,,
2018051448017,"Green, John","Will Grayson, Will Grayson",2015,,nob,2015,,,
2018051448241,"From, Käte",Tenk hvis? :,2015,"OCD, PTSD, angst, barn, barnebøker, fobier, generalisert, helseangst, intervensjon, mestring, panikk, panikkangst, posttraumatisk stresslidelse, separasjonsangst, skolen, sosial, sosial, sosial fobi, sykdomsangst, tvangslidelse, tvangstanker",nob,2015,Sigrid og Erik engster seg,,
2018051448601,"Grøntvedt, Nina Elisabeth","Hei, det er meg! :",2015,,nob,2015,"ikke la meg bli alene igjen her- ; (PS: Alt jeg nå skal fortelle deg, er 110 % sant!!!)",,
2018051648060,"Brandt, Sverre",Reisen til julestjernen :,2015,"barn, drama",nob,2015,et eventyr for barn i 5 bilder,,
2018052348076,"Alseth, Bjørnar",Multi [5-7],2015,"grunnskolen, k13, kunnskapsløftetk06, lærebøker, læreplan, læreverk, matematikk, revidert",nob,2015,,,
2018052948030,"Cousins, Lucy",Tell med Molly :,cop. 2015,"billedbøker, klaffebok, pekebok, tall, telling",nob,2015,"pip, pip, pip!",,
2018053048035,"Benge, Janet",Lillian Trasher :,2015,,nob,2015,Egypts største underverk,,
2018053048078,"Lindgren, Astrid",Pippi Langstrømpe puslespillbok :,cop. 2015,,nob,2015,5 puslespill med 12 brikker,,
2018060548201,"Gallego García, Laura",Til minne om Idhun,[2015],,nob,2015,,,
2018060748060,"Kaldhol, Marit",Zweet,2015,"etikk, mot, ungdom, ungdomsbøker",nno,2015,,,
2018060748061,"Stephens, John",Dødens bok,2015,,nob,2015,,,
2018060748062,"Rydland, Asbjørn",Fredlaus,2015,"fantastisk litteratur, fantasy, ungdomsbøker",nno,2015,,,
2018060748068,"Hjulstad, Kjartan",Minnesota og støvet,2015,"alkoholisme, alkoholmisbruk, barn, familievold, indianere, litteratur, norsk, rasisme, skjønnlitteratur, ungdom",nob,2015,,,
2018060748076,"Linmo, Bente René",Lysbæreren,2015,,nob,2015,,,
2018060748077,"Pettersen, Siri",Evna,2015,,nob,2015,,,
2018060748078,"Guåker, Helene",Juksemaker,cop. 2015,,nob,2015,,,
2018060748079,"LaMarche, Una.",Bare i Brooklyn,2015,"amerikansk, litteratur, roman",nob,2015,,,
2018060748080,"Fjestad, Ellen",Døgnfluedans,2015,,nob,2015,,,
2018060748085,"Gaarder, Jostein",Kabalmysteriet,2015,,nob,2015,,,
2018060748090,"Pettersen, Siri",Råta,2015,,nob,2015,,,
2018060807044,"Lyga, Barry",Game,2015,,nob,2015,,,
2018060807049,"Johnsen, Janne Aasebø",Kamuflasje,2015,"forelskelse, norsk, oppvekst, romaner, ungdomsbøker, ungdomslitteratur",nob,2015,,,
2018060807050,"Mostue, Sigbjørn",Marlens historie,2015,,nob,2015,,,
2018060807058,"Dashner, James",,2015,"amerikansk, fiction, roman, science, ungdomslitteratur",nob,2015,,,
2018060807068,"Everest, D.D..",Archie Greene og det magiske museet,2015,"barnebøker, fantastisk, fantasy, magi, spenning, trolldom, ungdomsbøker",nob,2015,,,
2018060807101,"Simukka, Salla",Svart som ibenholt,2015,"fantasy, finske, skjønnlitteratur, spenning, thrillere, ungdomsbøker",nob,2015,,,
2018060807125,"Shannon, Samantha",Mimeordenen,cop. 2015,"fantasy, romaner, ungdomsbøker",nob,2015,,,
2018060807141,"Loughead, Deb",Trommer og trøbbel,2015,,nob,2015,,,
2018060807142,"Ingvaldsen, Bjørn",Sønnen til læreren,2015,"barn, barnebøker, fedre, humor",nob,2015,,,
2018060807146,"Palacio, R.J.",Mirakel,2015,,nob,2015,,,
2018060807147,"Rødstøl, Berit",Frøppeldunk,2015,"barnebøker, camping, miljøvern, vennskap",nno,2015,,,
2018060807148,"Mostue, Sigbjørn",Brages historie,2015,"epidemier, framtidssamfunn",nob,2015,,,
2018060807149,"Jones, Gareth P.",Arvingene,2015,,nob,2015,,,
2018060807150,"Lindell, Unni","Elsker, elsker ikke",2015,,nob,2015,,,
2018060807151,"Linde, Heidi",Pym Pettersons mislykka skoleball,2015,"antiheltinner, barnelitteratur, humor, norsk, roman",nob,2015,,,
2018060807160,"Molaug, Marius Horn",Verdens verste ferie,2015,,nob,2015,,,
2018060807161,"Bendixen, Solveig Blindheim",Teo tøffar seg,2015,"17., barnebøker, lettlest, litteratur, mai, norsk, skjønnlitteratur",nno,2015,,,
2018060807163,"McClintock, Norah.",Falske toner,2015,,nob,2015,,,
2018060807164,"Lian, Torun",Reserveprinsesse Andersen,2015,,nob,2015,,,
2018060807165,"Lindboe, Karin Kinge",Sam og Noa redder nitten meitemark og en humle,2015,"barnebøker, lettlest",nob,2015,,,
2018060807166,"Nortun, Harald",Eksperimentet :,2015,"barnebøker, kjønnsroller, tvillinger",nno,2015,roman,,
2018060807168,"Svingen, Arne",[Gravplyndrere],2015,,nob,2015,,,
2018060807170,"Karlsson, Ørjan N.",Tidsrosen,2015,"fantasy, norsk, skjønnlitteratur, ungdomsbøker",nob,2015,,,
2018060807173,"Dorsey, Angela.",Fanget av skygger,2015,,nob,2015,,,
2018061107004,"Kaup, Ulrike",,2015,,nob,2015,,,
2018061107005,"Bieniek, Christian",Gulrot-Guro :,2015,,nob,2015,sterke jenter holder sammen,,
2018061107006,"Bosse, Sarah",,2015,,nob,2015,,Et monster i mattetimen,
2018061107007,"Bieniek, Christian",Gulrot-Guro og de sterke jentenes klubb,2015,,nob,2015,,,
2018061107008,"Kaup, Ulrike",,2015,,nob,2015,,En ny hest på gården,
2018061107009,"Nahrgang, Frauke",Fotballfortellinger,2015,,nob,2015,,,
2018061107010,"Mai, Manfred",,2015,,nob,2015,,En fotball for mye,
2018061107011,"Mai, Manfred",Vennskapsfortellinger,2015,,nob,2015,,,
2018061107012,"Banscherus, Jürgen",Detektivduellen,2015,,nob,2015,,,
2018061107014,"Hänel, Wolfram",Mobilen som forsvant,2015,,nob,2015,,,
2018061107015,"Kaup, Ulrike",Hestehistorier,2015,,nob,2015,,,
2018061107016,"Frey, Jana",Detektivhistorier,2015,,nob,2015,,,
2018061107018,"Banscherus, Jürgen",Tyggegummikomplottet,2015,,nob,2015,,,
2018061107019,"Bieniek, Christian",Gulrot-Guro og verdens søteste hund,2015,hunder,nob,2015,,,
2018061107020,"Knape, Wolfgang",Peter Pan,2015,,nob,2015,,,
2018061107021,"Lindell, Unni","Kyss meg da, sa Ella",2015,,nob,2015,,,
2018061107023,"Losnegård, Rolf",,cop. 2015,"Arktis, barnebøker, humor, klimaendringer, litteratur, nynorsk   $$  norsk, oppfinnelser",nno,2015,,,
2018061107044,"Pedersen, Bente",Ingen vei tilbake,2015,,nob,2015,,,
2018061107068,"Larsson, Tobbe",,2015,,nob,2015,,,
2018061107082,"Ernstsen, Martin",Fillip flipper ut,2015,,nob,2015,,,
2018061107093,"Hovde, Anja",Tuppeline får smaken på det søte liv,2015,,nob,2015,,,
2018061107094,"Löfgren, Ulf",Tøysekoppen Ludde,2015,,nob,2015,,,
2018061107516,"Riordan, Rick",Hades' hus,cop. 2015,,nob,2015,,,
2018061207001,"Janouch, Katerina",Ingrid og Ivar feirer jul,2015,"billedbøker, lek, vennskap",nob,2015,,,
2018061207002,"Svatun, Birte",Kroppen,2015,"anatomi, barnebok, kropp, kroppen",nob,2015,,,
2018061207003,"Stokholm, Steen",Robin van Persie,cop. 2015,,nob,2015,,,
2018061207007,"Aalbu, Ragnar",Krokodille i treet,2015,"barnelitteratur, billedbøker, klatring, krokodiller, norsk",nob,2015,,,
2018061207016,"Löfgren, Ulf",Kong Ludde,2015,"billedbøker, humor",nob,2015,,,
2018061207017,"Barder, Gemma.",Jentekveld,cop. 2015,,nob,2015,,,
2018061207019,"Prøysen, Alf",Geitekillingen som kunne telle til ti,2015,"bildebok, billedbok, dyr, tall",nob,2015,,,
2018061207020,"Bosse, Sarah",FK Kokosnøtt,[2015],,nob,2015,,,
2018061207023,"Wahl, Andreas","Hvorfor smelter ost, men ikke skinke?",cop. 2015,barnebøker,nob,2015,,,
2018061207035,"Osland, Erna",Når det regnar i Afrika :,2015,"barnebøker, klima, klimaendringer, meteorologi, vêr, vær, værvarslinger",nno,2015,ei bok om vêr og klimaendringar,,
2018061207048,"Jonsen, Jen.",Inviter til bursdagsfest!,cop. 2015,,nob,2015,,,
2018061207160,"Miyazaki, Hayao",Chihiro og heksene,cop. 2015,,nob,2015,,,
2018061207186,"Pastis, Stephan",Vi møtes igjen,2015,,nob,2015,,,
2018061207204,"Bakken, Heidi Constanse Næs",Melodux,2015,,nob,2015,,,
2018061207220,"Child, Lauren",Duften av død,2015,"spenningsromaner, ungdomsbøker",nob,2015,,,
2018061207508,"Diep, Nhu",Lille Ting spiser ABC,2015,,nob,2015,,,
2018061207509,"Grossmann, Kari",Malvin får middagsbesøk,2015,"barnebøker, fedre, sønner",nob,2015,,,
2018061207516,"Siri, Hege",Tunellen,cop. 2015,"bildebøker, biletbøker, billedbøker, kaninar, kaniner $a dyr",nob,2015,,,
2018061207517,"Novak, B.J.",Boka uten bilder,2015,,nob,2015,,,
2018061207518,"Ersland, Bjørn Arild",Naboen er en heks,2015,"barn, bildebøker, billedbøker, eldre",nob,2015,,,
2018061207541,"Skjelvik, Jonny","Litt om dyr, og så god natt",2015,,nno,2015,,,
2018061207544,"Aarø, Selma Lønning",Vampyrdihkki!,2015,,sme,2015,,,
2018061207545,"Solberg, Ingvill",Mistesmykket,2015,"barn, barnelitteratur, bildebøker, billedbøker, hemmeligheter, norsk, skyldfølelse, tyveri",nob,2015,,,
2018061207546,"Ask, Lene",D for tiger,2015,"barn, barne-litteratur, bildebøker, biletbøker, billedbøker, dysleksi, lese-, lesevansker, lesing, norsk, sinne, skrivevansker, skriving",nob,2015,,,
2018061207548,"Teckentrup, Britta",To kule katter og andre par,2015,"billedbøker, dyr, myldrebok, regler, rim",nob,2015,,,
2018061207595,"Nadin, Joanna",Krise-Kristine knuser rekorder,2015,"barnebøker, barnelitteratur, humor",nob,2015,,,
2018061407501,"Wegge, Kathrine",Rektor Knirk,2015,"grunnskole, lesing, lærebøker",nob,2015,,,
2018061407502,"Solem, Hanne",Kalle og Bulle på tøff biltur,2015,"grunnskole, lesing, lærebøker",nob,2015,,,
2018061407503,"Dahl, Tor Edvin",Martins flytur,2015,"grunnskole, lesing, lærebøker",nob,2015,,,
2018061407504,"Rønningen, Hilde Aas",L.K.U.F.,2015,,nno,2015,,,
2018061407505,"Solem, Hanne",Jonnas dagbok 2,2015,,nno,2015,,,
2018061407506,"Rønningen, Hilde Aas",Det store julespelet,2015,,nno,2015,,,
2018061407507,"Solem, Hanne",Kalle og Bulle på tøff biltur,2015,,nno,2015,,,
2018061407508,"Kvalnes, Øyvind",Målvakten,2015,"grunnskole, lesing, lærebøker",nob,2015,,,
2018061407510,"Heiberg, Anette V.",Onkel Bjørn,2015,"grunnskole, lesing, lærebøker",nob,2015,,,
2018061407516,"Dahl, Tor Edvin",Sanna og dragen,2015,"grunnskole, lesing, lærebøker",nob,2015,,,
2018061407517,"Wegge, Kathrine",Ukas mål,2015,"grunnskole, lesing, lærebøker",nob,2015,,,
2018061807012,"Banke, Peter",Alt om Chelsea,2015,,nob,2015,,,
2018061807019,"Klepp, Anneli",Boble-løgner,2015,,nob,2015,,,
2018061807020,"Lagercrantz, Rose",Hjertet mitt hopper og ler,2015,,nob,2015,,,
2018061807021,"Platt, Chris.",Tilbake til livet,2015,,nob,2015,,,
2018061807022,"Kallestad, Jarle",Som en tyv om natten,cop. 2015,,nob,2015,,,
2018061807024,"Klepp, Anneli",Mia blir spion,2015,"barnebøker, lettlest, vennskap",nob,2015,,,
2018061807034,"Green, John",Papirbyer,2015,,nob,2015,,,
2018061807050,"Grevet, Yves",Huset,2015,"dystopier, framtidssamfunn, franske, science fiction, spenning, ungdomsbøker",nob,2015,,,
2018061807053,"Green, John",,2015,"forelskelse, ungdomsbøker",nob,2015,,En overflod av Katheriner,
2018061807055,"Pantermüller, Alice",Skikkelig markelig,2015,,nob,2015,,,
2018061807065,"Morgan, Sally",Dyrene,2015,"barnebøker, dyr, faktabøker, fauna, oppslagsverk",nob,2015,,,
2018061807068,"Larsson, Åsa",Trollharen,2015,,nob,2015,,,
2018061807069,"Larsson, Åsa",Nidstangen,2015,"barnelitteratur, spenning",nob,2015,,,
2018061807080,"Daugherty, C.J.",Bak murene,cop. 2015,,nob,2015,,,
2018061807082,"Bolstad, Anna Eline",Ut av byen,2015,,nob,2015,,,
2018061807084,"Kapelrud, Kristian",Pakten,cop. 2015,,nob,2015,,,
2018061807085,"Benge, Janet",C.S. Lewis :,cop. 2015,"forfattere, storbritannia",nob,2015,fantastisk historieforteller,,
2018061807086,"Kaaberbøl, Lene",Slangens gåve,2015,"fantastisk, fantasy, litteratur",nno,2015,,,
2018061807087,"Hunter, Erin",Midnatt,cop. 2015,,nob,2015,,,
2018061807088,"Kaaberbøl, Lene",Skammarkrigen,2015,"fantastisk, fantasy, litteratur",nno,2015,,,
2018061807516,"Dahl, Hanne Hafnor",Radius,2015,"grunnskole, lærebøker, matematikk",nno,2015,matematikk for barnetrinnet,,
2018061807523,"Formoe, Terje",Kaptein Sabeltann :,2015,,nob,2015,"ai, ai, kæpten!",,
2018061807524,"Berlin, Andrea",Hester i konkurranse,cop. 2015,,nob,2015,,,
2018061807531,"Alseth, Bjørnar",Multi [5-7],2015,"grunnskolen, k13, kunnskapsløftet, lærebøker, læreverk, matematikk, revidert læreplan",nob,2015,,,
2018061807546,"Ødegård, Jan",Balder spion og fippskjeggkjæresten,cop. 2015,,nob,2015,,,
2018061807560,"Widmark, Martin",Brannmysteriet,2015,"barnebøker, barnelitteratur, krim, svensk",nob,2015,,,
2018061807565,"McClintock, Norah.",Hvem er den skyldige?,2015,,nob,2015,,,
2018061807567,"Pichon, Liz",Alt er helt topp (nesten),2015,,nob,2015,,,
2018061807572,"Master, Maryam",Rumling i jungelen,cop. 2015,,nob,2015,,,
2018061807573,"Neale, Kirsty.",,2015,,nob,2015,,En verden av dinosaurer,
2018061807577,"Simmons, Anthea.",Verdens beste baby! ; Dele!,2015,,nob,2015,,,
2018061807578,"Horst, Jørn Lier",Jakten på kaptein Kroghs gull,2015,,nob,2015,,,
2018061807579,"Moursund, Jill",Bella og Bob lager bøll,2015,"barnelitteratur, bildebøker, billedbøker, hjemmefra, norsk, rømme, søsken, ugagn",nob,2015,,,
2018061807580,"Knutsen, Alf",Operasjon opprydning,2015,,nob,2015,,,
2018061807582,"Stueland, Unni Rom",Jumpi vil bli brannmann,2015,,nob,2015,,,
2018061807583,"Salinas, Veronica",Sulten,cop. 2015,"bildebøker, billedbøker, norsk barnelitteratur",nob,2015,,,
2018061807584,"Vestly, Anne-Cath.",Mormor og de åtte ungene får ku,2015,"barn, bildebok, billedbøker",nob,2015,,,
2018061807585,"Røste, Inger Johanne",Løven og gutten som ble glad :,2015,"barnebøker, flukt, zimbabwe",nob,2015,en historie fra Zimbabwe,,
2018061807593,"Heggland-Haslerud, Guri",Tante Milla har kreft i puppen! :,2015,"barnebøker, brystkreft, kreft, sykdommer",nob,2015,en bok om brystkreft for barn,,
2018061807596,"Strüwer, Ardina",Hest &amp; moro!,2015?,,nob,2015,,,
2018061807629,"Morris, Neil",Juniorleksikon,2015,,nob,2015,,,
2018061807630,"Steen, Thorvald",Noen ganger har du helt rett,2015,"barnelitteratur, bildebøker, billedbøker, grøssere, norsk, piggsvin, spenning, ungdomsbøker",nob,2015,,,
2018061807641,"Solberg, Cecilie",Stairs,2015,"engelsk, grunnskolen, lærebøker, mellomtrinnet",mul,2015,,,
2018061807652,"Ayres, Jane.",Balansekunst,2015,,nob,2015,,,
2018061907511,"Merino, Gemma.",Krokodillasj mij ittjij tjáhtjáj lijkku,2015,"barnebøker, bildebøker, billedbøker, krokodiller",mul,2015,,,
2018061907571,"Fry, Michael",Kong Karl,2015,,nob,2015,,,
2018061907613,"Rønningen, Hilde Aas",L.K.U.F.,2015,"grunnskole, lesing, lærebøker",nob,2015,,,
2018061907614,"Loberg, Steffen.",Gatebil,2015,,nno,2015,,,
2018061907615,"Kvalnes, Øyvind",Cupfinalen,2015,,nno,2015,,,
2018061907620,"Riordan, Rick",Athenes merke,2015,"barnebøker, fantastisk, fantasy, gresk mytologi, ungdomsbøker",nob,2015,,,
2018062207513,"Velander, Pernilla",Herlige føll,cop. 2015,,nob,2015,,,
2018062207515,"Hapka, Catherine.",Sofia den første,2015,,nob,2015,,,
2018062507013,"Yancey, Rick.",Det endeløse havet,2015,,nob,2015,,,
2018062507069,"Taylor, Laini",Mørk engel,2015,"amerikansk, fantasy, ungdomslitteratur",nob,2015,,,
2018062507072,"Noreng, Jan Tore",,2015,"instagram, internett, skjønnlitteratur, ungdomsbøker, ungdomsromaner",nob,2015,,,
2018062507081,"Stroud, Jonathan",,2015,ungdomsbøker,nob,2015,,,
2018062607026,"Kort, Kees de.",,cop. 2015,,nob,2015,,,
2018062607030,"Aakeson, Kim Fupz",Jeg er William,2015,,nob,2015,,,
2018062607041,"Loberg, Steffen.",Gatebil,2015,"grunnskole, lesing, lærebøker",nob,2015,,,
2018062607050,"Cooper, Sari.",Elvehesten,2015,,nob,2015,,,
2018062607117,"Stephens, John",Ildkrøniken,2015,,nob,2015,,,
2018062607590,"Gifford, Clive.",Verdensrommet på 2 minutter,cop. 2015,,nob,2015,,,
2018062607615,"From, Käte.",Jeg vil! :,2015,"ansvar, barn, barnepsykologi, bestemme, psykologi, selv, selvbestemmelse, utviklingspsykologi, vilje",nob,2015,Emil og Trine bestemmer selv,,
2018062607616,"From, Käte",Konger og dronninger :,2015,"ansvar, atferd, barn, barnepsykologi, bestemme, psykologi, selvbestemmelse, utfordrende, utviklingspsykologi, vilje",nob,2015,Aleksander og Julie bestemmer selv,,
2018062705141,"Hjardar, Espen",Faktor,2015,"grunnskolen, k13, kunnskapsløftetk06, lærebøker, læreplan, læreverk, matematikk, revidert",nob,2015,,,
2018062707003,"Husebye, Sylvi Jane",Perlene,2015,,nob,2015,,,
2018062707051,"Aveyard, Victoria",Rød dronning,2015,,nob,2015,,,
2018062707194,"Simon, Francesca",Rampete Robin blir rik,2015,,nob,2015,,,
2018062707211,"Bade, Anne Helene Røise",Quest,2015,"engelsk, grunnskolen, lærebøker, læreverk",mul,2015,,,
2018062707213,"Bade, Anne Helene Røise",Quest 1-7,2015,"barnetrinnet, engelsk, grunnskolen, k13, lærebøker, læreverk",mul,2015,,,
2018062707252,"Delaney, Joseph",Vokterens skjebne,2015,"fantasy, ungdomsbøker",nob,2015,,,
2018062707298,"Lockhart, E.",Vi var løgnere,2015,"romaner, ungdomsbøker",nob,2015,,,
2018062807019,"Fry, Michael",Bøllebråk,2015,,nob,2015,,,
2018062807021,"Smith, Dan",Big game :,2015,ungdomsbøker,nob,2015,jakten er i gang,,
2018062807048,"Stranger, Simon",De som ikke finnes,2015,"skjønnlitteratur, ungdomsbøker",nob,2015,,,
2018062807068,"Walliams, David",Demontannlegen,2015,"barnebøker, barnelitteratur, humor, romaner, tannlegeskrekk",nob,2015,,,
2018062807087,"Loughead, Deb",3 ville sommerdager,2015,,nob,2015,,,
2018062807091,"Wandahl, Camilla",Havets tåre,2015,,nob,2015,,,
2018062807108,"Næss, Robert",Katastrofekvelden,cop. 2015,,nob,2015,,,
2018062807112,"Skytte, Dorthe.",Lukas er ninja,2015,,nob,2015,,,
2018070307047,"Renslebråten, Line",Fugler :,cop. 2015,"barnebøker, eventyr, fabler, folketro, fugler, sagaer",nob,2015,fakta og fortellinger fra hele verden,,
2018070307076,"Dia, Édouard.",Dora på Sydpolen ; Skal vi male?,2015,,nob,2015,,,
2018070307078,"Schulze, Anne-Marie",Los geht's,2015,"grunnskole, lærebøker, tysk",mul,2015,,,
2018070405001,"Schulze, Anne-Marie",Los geht's,2015,"grunnskole, lærebøker, tysk",mul,2015,,,
2018070405041,"Joma, Liv Karin",Gïeline åahpenidh 5 :,2015,"grunnskole, lærebøker, språk, sørsamisk",sma,2015,barkoe-gærja : åarjelsaemien voestesgïeline,,
2018070507002,"Shusterman, Neal",Edisons kjeller,2015,,nob,2015,,,
2018070507005,"Munch, Charlotte Glaser",7 døgn for oss,2015,"litteratur, norsk, romaner, tenåringer, ungdomsbøker, ungdomsromaner",nob,2015,,,
2018070507008,"Mæhle, Lars",Bouvetøya 2052 :,2015,"Bouvetøya, framtidssamfunn, klimaendringer, romanar, science fiction, skjønnlitteratur, spenning, ungdomsbøker",nno,2015,roman,,
2018070507023,"Sævareid, Heidi",Slipp hold,2015,"kjærlighet, kontroll, makt, skjønnlitteratur, suspension, ungdomsbøker",nob,2015,,,
2018070507030,"Bødker, Benni",Alene i mørket,2015,,nob,2015,,,
2018070507032,"Naveen, Neha",Stupekontroll,2015,"litteratur, norsk, roman, søstre a   $$  hemmeligheter, ungdomsbøker, ungdomslitteratur",nob,2015,,,
2018070507046,"McLachlan, Jenny.",Danse-trøbbel,2015,,nob,2015,,,
2018070507056,"Collins, Suzanne",Underland-krøniken,2015,,nob,2015,,,
2018070507073,"Spyri, Johanna",Heidis lære- og vandreår :,2015,,nob,2015,roman,,
2018070507083,"Muchamore, Robert",Generalen,2015,,nno,2015,,,
2018070507097,"Weberg, Liv Marit",Det er heldigvis ingen som trenger meg,2015,,nob,2015,,,
2018070507099,"Oseman, Alice",Solospill,2015,"blogging, forelskelse, internett, tenåringer, ungdom, ungdomsbøker",nob,2015,,,
2018070507114,"Nielsen, Susin.",Vi er molekyler,2015,,nob,2015,,,
2018070507115,"Collins, Suzanne",Underland-krøniken,2015,,nob,2015,,,
2018071207014,"Dixon, Franklin W..",Forsakelsens hus,2015,,nob,2015,,,
2018071207031,"Torkildsen, Terje",Arrfjes :,2015,"1800-tallet, historie, seilskuter, sjømenn",nno,2015,roman,,
2018071207044,"Peterson, Andrew",Vokteren og Vargekongen :,cop. 2015,,nob,2015,"havdrager, en desperat søken, og det endelige slaget om Den skinnende øya",,
2018071207094,"Røyset, Ingunn",Aldri fred å få :,2015,"barnebøker, barnelitteratur, litteratur, norsk, tidsreiser, verdenskrigen",nno,2015,roman,,
2018071207097,"Næss, Robert",Gullfeber,cop. 2015,,nob,2015,,,
2018071207150,"Parvela, Timo",Invitasjonen,cop. 2015,,nob,2015,,,
2018071607045,"Aspeli, Widar",Sort enke :,2015,"barn, besteforeldre, kjærlighet, savn, sorg",nob,2015,Mustangen,,
2018071607091,"Kellner, Ingrid",Alina og Julian treffer Jesusbarnet,2015,,nob,2015,,,
2018071607133,"Marsden, John",Checkers,2015,,nob,2015,,,
2018071607137,"Bross, Helena",Innbrudd på skolen,2015,"barnebøker, skjønnlitteratur",nob,2015,,,
2018071707023,"Ecklund, Gunhild J.",Hva er økonomi? :,cop. 2015,,nob,2015,fakta og funderinger,,
2018071707024,"Palm, Linda",Eg-du-vi,2015,,nno,2015,,,
2018071707031,"Edwards, Ellen M. Tudor",Explore,2015,"barnetrinnet, engelsk, grunnskolen, k06, lærebøker",mul,2015,engelsk for barnesteget,,
2018071707090,"Schutten, Jan Paul",Livets gåter og de stinkende sokkene til Jonas Gnist,cop. 2015,"barnebøker, biologi, evolusjon, naturfag, naturhistorie, utviklingslæren",nob,2015,,,
2018071707132,"Sønneland, Håkon Forfod",Skumle småkryp,2015,"grunnskole, lærebøker, norsk",nno,2015,,,
2018071707526,"Kompelien, Kåre",Sadako og de 1000 papirtranene,2015,,nob,2015,,,
2018071707589,"Sandnes, Hans Jørgen",Her kommer mormor,2015,,nob,2015,,,
2018071707590,"Rørvik, Bjørn F.",Purriot og skimysteriet,[2015],"barnelitteratur, humor, krim, norsk",nob,2015,,,
2018071707598,"Gordan, Kajsa","Hører du, Kjelle?",2015,"bildebøker, hunder, hørsel, lyder",nob,2015,,,
2018071707621,"Bruheim, Magnhild",Hyttemysteriet :,2015,"barnebøker, litteratur, norsk, spenning, spenningsbøker, stesøsken, ungdomsbøker",nno,2015,roman,,
2018071707626,"Hagerup, Hilde",Hvite mareritt,2015,,nob,2015,,,
2018071807038,"Weiner, Eric.",Dora på sommerferie! ; Dora liker sport!,2015,,nob,2015,,,
2018071807048,"Lindgren, Astrid",Jo visst kan Lotta sykle,2015,"barn, litteratur, svensk",nob,2015,,,
2018071807138,"Edwards, Ellen M. Tudor",Explore,2015,"barnetrinnet, engelsk, grunnskolen, k06, lærebøker",mul,2015,engelsk for barnesteget,,
2018071807142,"Rasch-Halvorsen, Anne",Tusen millioner,2015,"grunnskolen, kunnskapsløftetk13, lærebøker, læreplan, læreverk, matematikk, revidert",nob,2015,,,
2018071807161,"Skjønsberg, Harald",Terror,2015,"barnebøker, historie, terror, terrorisme, ungdomsbøker",nob,2015,,,
2018071807208,"Solbjør, Cathrine Myhre",På rømmen i dusteland,2015,"barnelitteratur, norsk",nob,2015,,,
2018071807261,"Norlin, Arne",Oppgjøret,2015,,nob,2015,,,
2018071807267,"Fitzgerald, Sarah Moore.","Tro, håp og eplekake :",cop. 2015,,nob,2015,det er alltid noen smuler igjen-,,
2018071807295,"Kaaberbøl, Lene",Skammarteiknet,2015,"fantastisk, fantasy, litteratur",nno,2015,,,
2018071807318,"Halvorsen, Lone",Wilma har to mammaer,2015,"barnebøker, bildebøker, billedbøker, familier, homofile, lesbiske, likekjønnede, mødrer, oppvekstmiljø, samlivsformer",nob,2015,,,
2018071807321,"Anly, Ingeborg",Kaleido,2015,"barnetrinnet, grunnskolen, k13, lærebøker, læreverk, norsk",nob,2015,,,
2018071907004,"Karstensen, Truls",Tigeren som ikke hadde striper,cop. 2015,,nob,2015,,,
2018071907014,"Gjersøe, Vera",Livet på gården,2015,"barn, barnebøker, billedbøkerbildebøker, dyr, gårdsdrift, husdyr, landbruk",nob,2015,,,
2018071907026,"Dahl, Hanne Hafnor",Radius,2015,"barnetrinnet, grunnskolen, k0613, lærebøker, matematikk",nno,2015,matematikk for barnetrinnet,,
2018071907044,"Alseth, Bjørnar",Multi [5-7],2015,"grunnskolen, k06, kunnskapsløftet, lærebøker, læreverk, matematikk",nno,2015,,,
2018071907158,"Lystad, Mina",Alfred må lese høyt,cop. 2015,"barnebøker, elever, skoleelever",nob,2015,,,
2018071907159,"Wänblad, Mats",,2015,,nob,2015,,Et monster går på kino,
2018071907161,"Engholm, Bengt-Erik",Sjøuhyrer,2015,"barnebøker, blekksprut, lettlest, monstre, sjøormer, sjøuhyrer",nob,2015,,,
2018071907162,"Fiske, Anna",Lykke,2015,"barnelitteratur, bildebøker, billedbøker, følelser, lykke, norsk",nob,2015,,,
2018072007025,"Berge, Atle",Birk og Barcelona-gjengen,2015,"barnebøker, fotball",nno,2015,,,
2018072007092,"Tufvesson, Paulina.",Hest &amp; klikkertrening,[2015?],,nob,2015,,,
2018072007095,"Aamodt, Ingunn",Usynlige Snefrid og Nusselige Mus,2015,"barnelitteratur, bildebøker, billedbøker, norsk",nob,2015,,,
2018072007158,"Hjardar, Espen",Faktor,2015,"grunnskolen, k13, kunnskapsløftetk06, lærebøker, læreplan, læreverk, matematikk, revidert, ungdomstrinnet",nob,2015,,,
2018072007166,"Gjerdrum, Anne-Lise",Tusen millioner,2015,"grunnskolen, kunnskapsløftetk06, lærebøker, læreverk, matematikk",nob,2015,,,
2018072007192,"Solberg, Cecilie",Stairs,2015,"engelsk, grunnskolen, lærebøker, læreverk, mellomtrinnet",nob,2015,,,
2018072007193,"Diskin, Elizabeth",Enter 8,2015,"engelsk, grunnskolen, k0613, lærebøker, ungdomstrinnet",mul,2015,engelsk for ungdomssteget,,
2018072307008,"Opstad, Gunnar",Trærne skyter knopper,2015,"barnebøker, barnelitteratur, frykt, lettlest, norsk",nob,2015,,,
2018072307009,"Solem, Hanne",Jonnas dagbok 1,2015,,nno,2015,,,
2018072307050,"Helland, Tarjei",Samfunnskunnskap 9,2015,"grunnskolen, k06, k13, kunnskapsløftet, lærebøker, læreplan, læreverk, revidert, samfunnsfag",nob,2015,,,
2018072307178,"Øvreås, Håkon",Svartle,2015,,nob,2015,,,
2018072307192,"Knape, Wolfgang",Robinson Crusoe,2015,,nob,2015,,,
2018072407012,"Joma, Liv Karin",Gïeline åahpenidh 5 :,2015,"grunnskole, lærebøker, språk, sørsamisk",sma,2015,lohkemegærja : åarjelsaemien voestesgïeline,,
2018072407017,"Utsi, Marit Alette",Gággi 1,2015,,sme,2015,,,
2018072407083,"Gaarder, Jostein",I et speil i en gåte,2015,,nob,2015,,,
2018072407144,"Hovden, Magne",Blodhevn,2015,,nob,2015,,,
2018072507059,"Larsen, Frode Eie",Englefjær :,2015,,nob,2015,krimroman,,
2018072507065,"Pilkey, Dav",Kaptein Supertruse og de drittleie doene,2015,,nob,2015,,,
2018072507066,"Ragde, Anne B.",Mannen og de kranglesyke sønnene,cop. 2015,"barnebøker, billedbøker, fabler, lettlest, æsops",nob,2015,,,
2018072507075,"Igland, Torborg",Flukten,2015,framtidssamfunn,nob,2015,,,
2018072507079,"Kolu, Siri",Røvernes herre,2015,,nob,2015,,,
2018072507080,"Kibuishi, Kazu",Byen bak skyene,2015,,nob,2015,,,
2018072507082,"Saanum, Kari","Gråt, baby :",2015,"alkoholmisbruk, foreldre, forelskelse, lettlest, ungdomsbøker",nob,2015,roman,,
2018072507084,"Larsson, Åsa",Grimen,2015,"barnelitteratur, spenning, varulver",nob,2015,,,
2018072507085,"Larsson, Åsa",Utburden,2015,,nob,2015,,,
2018072507086,"Lampard, Frank",Frankie vs. Ridder FK,2015,,nob,2015,,,
2018072507087,"Kaaberbøl, Lene",Atterkomaren,2015,"barnebøker, dansk, fantastisk, hekser, litteratur, trolldom",nno,2015,,,
2018072507129,"Flanagan, John",,2015,,nob,2015,,,
2018072507132,"Frohde, Liv",Jacob og hunden,2015,"dyr, hundar, hunder, litteratur, norsk, sorg",nob,2015,,,
2018072507144,"Simon, Francesca",Rampete Robins fakta om dyr,2015,,nob,2015,,,
2018072507145,"Søgaard, Pia",Bibel - hverdag - tweens,cop. 2015,"barnebøker, bibelen, fortellinger, gt, kristendom",nob,2015,,,
2018072507151,"Ewo, Jon",Zombiejakten,2015,,nob,2015,,,
2018072507152,"Hanlon, Abby.",Fantasidilla,2015,"barnebøker, fantasi",nob,2015,,,
2018072507153,"Ingvaldsen, Bjørn",Snørør,2015,,nob,2015,,,
2018072507154,"Ingvaldsen, Bjørn",,2015,,nob,2015,,,
2018072507155,"Moltubakk, Maria",,2015,,nob,2015,,,
2018072507156,"Moltubakk, Maria",Kattungen Zhote,2015,,nob,2015,,,
2018072507165,"Kvalnes, Øyvind",Målvakta,2015,,nno,2015,,,
2018072507172,"Borge, Synnøve",Bubo bubo,2015,"grunnskole, grunnskolen, lærebøker, læreverk, norsk, språk",nob,2015,,,
2018072507182,"Zoschke, Barbara",Brannmann Birger,2015,,nob,2015,,,
2018072507194,"Griffiths, Andy",Verdens mest korrekte faktabok om kroppen,cop. 2015,,nob,2015,,,
2018072507195,"Ingebrigtsen, Hilde Hurlen",Skogens hemmelighet,2015,,nob,2015,,,
2018072507196,"Horst, Jørn Lier",Rivertongåten,cop. 2015,"barnebøker, spenning",nob,2015,,,
2018072507197,"Horst, Jørn Lier",Hodeskallegåten,cop. 2015,"barn, barnebøker, kriminalromaner, norsk, skjønnlitteratur, ungdom",nob,2015,,,
2018072507198,"Kavanagh, Pamela.",Hovslag i det fjerne,2015,,nob,2015,,,
2018072507199,"Refsdal, Liv Hege",Boletta og himmelske mormor,2015,,nob,2015,,,
2018072507201,"Riordan, Rick",Slangens skygge,2015,,nob,2015,,,
2018072507204,"Shepard, Sara",Knust,2015,,nob,2015,,,
2018072507211,"Knudsen, Sverre",Aarons maskin :,2015,,nob,2015,roman,,
2018072507216,"Kapelrud, Kristian",Det siste slaget,2015,,nob,2015,,,
2018072507217,"Kapelrud, Kristian",I begynnelsen var tegnet,cop. 2015,,nob,2015,,,
2018072507218,"Scieszka, Jon",Frank Einstein og antimateriemotoren,2015,"barnebøker, fiction, roboter, science, vitenskap",nob,2015,,,
2018072507250,"Ingvaldsen, Bjørn",Nissekrigen,2015,,nob,2015,,,
2018072507251,"Johansen, Eldrid",Scenegrøss,2015,"barnebøker, barnelitteratur, korsang, lettlest, mot, norsk, sceneskrekk",nob,2015,,,
2018072507252,"Gehm, Franziska.",Advarsel! Bror biter!,2015,,nob,2015,,,
2018072507253,"Horst, Jørn Lier",Esmeraldagåten,2015,"litteratur, norsk, spenningsroman, ungdom",nob,2015,,,
2018072507254,"Haga, Anniken",Aerith,2015,,nob,2015,,,
2018072607022,"Simmons, Anthea.",Verdens beste baby!,cop. 2015,søsken,nob,2015,,,
2018072607033,"Manning, Mick",Bli med ut!,cop. 2015,,nob,2015,,,
2018072607072,"Haugan, Jens","No kan du sove, vesle gut /",2015,,nno,2015,,,
2018072607073,"Marsoli, Lisa Ann",Biler,2015,,nob,2015,,,
2018072607078,"Wiborg, Liv H.",Alva og losen,cop. 2015,,nob,2015,,,
2018072607079,"Øien, Jan-Kåre",Havets skrekk,2015,"barnelitteratur, billedbøker, harer, norsk, piggsvin, sjørøveri",nob,2015,,,
2018072607080,"Barnett, Mac",Mats &amp; Emil graver et hull,2015,"barnebøker, barnelitteratur, bildebøker, biletbøker, billedbøker, humor, norsk, skjønnlitteratur",nob,2015,,,
2018072607081,"Sætre, Inga",Fyrvokterne,2015,,nob,2015,,,
2018072607086,"Sandberg, Sigri",Vindtrollet,cop. 2015,"barnelitteratur, bildebøker, billedbøker, norsk, vind",nob,2015,,,
2018072607088,"Arredondo, Francisco.",All verdens dyr,[2015],,nob,2015,,,
2018072607099,"Anderson, Lena",Majas lille grønne,2015,,nob,2015,,,
2018072607101,"Vogel, Maria von.",Tannfeens hemmelighet,[2015],,nob,2015,,,
2018072607110,"Pastis, Stephan",Det ble begått feil,2015,"barnebøker, detektivfortellinger, grafiske, humor",nob,2015,,,
2018072607119,"Hargreaves, Roger",Lille Frøken Prinsesse,2015,,nob,2015,,,
2018072607120,"Hargreaves, Roger",Lille Frøken Solskinn,2015,,nob,2015,,,
2018072607121,"Hargreaves, Roger",Herr Surpomp,2015,,nob,2015,,,
2018072607141,"Strandberg, Mats",Nøkkelen,2015,,nob,2015,,,
2018072607143,"Rodkey, Geoff",Tapper-tvillingene går til krig (mot hverandre),2015,,nob,2015,,,
2018072607165,"Hargreaves, Roger",Lille Frøken Solskinn,2015,,nob,2015,,,
2018072607167,"Griffiths, Andy",Gutta i trehuset med 65 etasjer som viser seg å ikke være godkjent av bygningsetaten (og som derfor må rives)!,cop. 2015,,nob,2015,,,
2018072607178,"Gesén, Pernilla",Rett i krysset,2015,,nob,2015,,,
2018072607189,"Hale, Shannon",Flammer og is /,2015,,nob,2015,,,
2018072607193,"Grimm, Sandra",Nysbert von Eikeblad fra trehytta,[2015],,nob,2015,,,
2018072607198,"Grey, Jacob.",Kråkene,2015,"fantasy, romaner, ungdomsbøker",nob,2015,,,
2018072607220,"Hunter, Erin.",Mørkets time,cop. 2015,,nob,2015,,,
2018072607233,"Green, John","Will Grayson, Will Grayson",2015,"skjønnlitteratur, ungdomsbøker",nob,2015,,,
2018072607234,"Green, Sally",Ondskapens sønn,2015,,nob,2015,,,
2018072607262,"Vestly, Anne-Cath.",Marte og mormor og mormor og Morten,2015,,nob,2015,,,
2018072607264,"Dahl, Roald",Matilda,2015,,nob,2015,,,
2018072607271,"Scott, Katie",Animalium plakatbok,cop. 2015,,nob,2015,,,
2018072607287,"Hunter, Erin",Daggry,cop. 2015,,nob,2015,,,
2018072607298,"Hovig, Andrea Bræin",Vanessa Svartmo,2015,,nob,2015,,,
2018072607302,"Sauvik, Øyvind",Hitachoo møter Johnny Virker :,cop. 2015,,nob,2015,gærninger i grøfta : (eller hvordan tre skikkelig forskjellige fyrer ender opp med å bli bestevenner),,
2018072607308,"Kolstad, Henning",Universet :,cop. 2015,,nob,2015,junior,,
2018072607310,"Nyhus, Kaia Dahle",Pappaer overalt,2015,"barnelitteratur, bildebøker, billedbøker, fedre, norsk, savn",nob,2015,,,
2018072607311,"Aamundsen, Martin Berdahl",Nora og den lille blå kaninen,cop. 2015,,nob,2015,,,
2018072607312,"Emmett, Jonathan",Prinsessen og grisen,2015,,nob,2015,,,
2018072607319,"Itäranta, Emmi",Kildens vokter,cop. 2015,,nob,2015,,,
2018072607320,"Gier, Kerstin",Silber :,2015,"drømmer, fantasy, romaner, spenning, ungdomsbøker",nob,2015,drømmenes første bok : roman,,
2018072607323,"Igland, Torborg",Øya,2015,"dystopier, fiction, framtidssamfunn, norden, opprør, science, undertrykkelse, ungdomsbøker",nob,2015,,,
2018072748032,"Kinney, Jeff","Ut på tur, aldri sur",2015,,nob,2015,,,
2018073048215,"Vestby, Hanne Christine",Frøken Dobbel &amp; Herr Halvparten,2015,,nob,2015,,,
2018073148001,"Torgersen, Trond-Viggo",Rumaš,cop. 2015,,sme,2015,,,
2018073148072,"Einarsen, Heidi Guttorm",,cop. 2015,"geografi, grunnskolen, lærebøker, samfunnsfag, samfunnskunnskap",sme,2015,,,
2018081307029,"Celius, Anne-Bjørg",Nå skal jeg fortelle deg-,2015,,nob,2015,,,
2018081307037,"Marienborg, Irene",Gratulerer! sier Nora,2015,"billedbøker, fødselsdager",nob,2015,,,
2018081307043,"Finderup, Mette",Emmy :,2015,,nob,2015,ingen vei tilbake,,
2018081307044,"Samdal, Peder",Mario Balotelli forklarer Europa,cop. 2015,,nob,2015,,,
2018081307045,"Bødker, Benni",Til Pandemonium,2015,,nob,2015,,,
2018081407031,"Sigurbergsson, Eytor",Sildre på vannvittige eventyr,2015,,nob,2015,,,
2018081407037,"Seidemann, Maria",Erik og den lille havfruen,2015,,nob,2015,,,
2018081407067,"Johansen, Erik",Prins Godhjerta og froskeballetten,2015,,nob,2015,,,
2018081407076,"Davies, Benji",Stormhvalen,cop. 2015,"barnebøker, bildebok, billedbøker, billedbøker, ensomhet, fedre, hvaler, sønner",nob,2015,,,
2018081407099,"Sommerset, Mark.",Jeg elsker saft,2015,,nob,2015,,,
2018081407100,"Sommerset, Mark.","Bæ, bæ, lure lam",2015,,nob,2015,,,
2018081407101,"Seim, Cecilie",Madams 11 barn,2015,"bildebøker, billedbøker, myldrebok",nob,2015,,,
2018081407102,"Vars, Elle Márjá",Baháneahkkánis bustávat,2015,,sme,2015,,,
2018081407103,"Hopgood, Tim.",What a wonderful world :,cop. 2015,,nno,2015,for ei strålande verd,,
2018081407121,"Edwards, Ellen M. Tudor",Explore,2015,"barnetrinnet, engelsk, grunnskolen, k06, lærebøker",mul,2015,engelsk for barnesteget,,
2018081407123,"Alseth, Bjørnar",Multi [5-7],2015,"grunnskolen, k06, kunnskapsløftet, lærebøker, læreverk, matematikk",nno,2015,,,
2018081407146,"Waage, Bjørn Øystein",Rabbagasten,[2015],,nno,2015,,,
2018081407150,"Edwards, Ellen M. Tudor",Explore,2015,"barnetrinnet, engelsk, grunnskolen, k06, lærebøker",mul,2015,engelsk for barnesteget,,
2018081407155,"Dahl, Roald",,2015,,nob,2015,,,
2018081407158,"Grande, Martine",Dagen opp ned,2015,"bildebøker, billedbøker, flaggermus",nno,2015,,,
2018081407160,"Scarry, Richard",Folk i farta!,2015,"billedbøker, myldrebøker",nob,2015,,,
2018081407167,"Ødegaarden, Martin.",#Duppedingser,2015,,nob,2015,,,
2018081407168,"Allcroft, Britt",På ferie med Thomas,2015,,nob,2015,,,
2018081407169,"Nærum, Knut",Glemmestedet,2015,"bibliotek, bildebøker, billedbøker, glemsel, hittegods",nob,2015,,,
2018081407170,"Lessem, Don",,cop. 2015,"barnebøker, dinosaurer",nob,2015,,,
2018081407171,"Shields, Amy.",Min første store bok om hvorfor?,2015,barnebøker,nob,2015,,,
2018081607054,"Russell, Rachel Renée.",Nedtegnelser om å leve lykkelig alle sine dager - NOT!,cop. 2015,,nob,2015,,,
2018081607055,"Nadin, Joanna.",Krise-Kristine tar kaka,2015,"barnelitteratur, engelsk",nob,2015,,,
2018081607070,"Andersen, Tor",Vikinger i Vinngullmark,[2015],,nob,2015,,,
2018081607078,"Ragde, Anne B.","Gutten som ropte ulv, ulv",cop. 2015,"barnebøker, billedbøker, fabler, lettlest, løgn",nob,2015,,,
2018081607079,"Ragde, Anne B.",,cop. 2015,lettlest,nob,2015,,,
2018081607080,"Ragde, Anne B.",Sola og nordavinden,cop. 2015,"barnebøker, billedbøker, fabler",nob,2015,,,
2018082007012,"Wollebæk, Gro",Spire,2015,"grunnskole, lærebøker, naturfag, småskoletrinnet",nno,2015,naturfag for småskulesteget,,
2018082007029,"Sørli, Jorid",,2015,,nno,2015,,,
2018082007036,"Neale, Kirsty.",Alt om kroppen,2015,,nob,2015,,,
2018082007037,"Neale, Kirsty.",Flagg fra hele verden,2015,,nob,2015,,,
2018082207001,"Emmett, Jonathan",Prinsessa jïh snurke,2015,"barnebøker, bildebøker, billedbøker, prinsesser, sørsamisk",sma,2015,,,
2018082207002,"Brook, Felicity.",Min første bok om mat,2015,,nob,2015,,,
2018082207011,"Williams, Brian.",Mitt første atlas,2015,,nob,2015,,,
2018082207041,"Bringsværd, Tor Åge",Reiselyst,2015,"grunnskole, grunnskolen, lærebøker, læreverk, norsk, språk",nob,2015,,,
2018082207042,"Borge, Synnøve",Rogn,2015,"grunnskole, grunnskolen, lærebøker, læreverk, norsk, språk",nob,2015,,,
2018082207043,"Kjetun, Mari",Sara Sol,2015,"grunnskole, grunnskolen, lærebøker, læreverk, norsk, språk",nob,2015,,,
2018082207044,"Ingvaldsen, Bjørn",Leo og ballen,2015,"grunnskole, grunnskolen, lærebøker, læreverk, norsk, språk",nob,2015,,,
2018082207045,"Klepp, Anneli",Erlend Epleskrott,2015,"grunnskole, grunnskolen, lærebøker, læreverk, norsk, språk",nob,2015,,,
2018082207046,"Klepp, Anneli",Erlend  Epleskrott,2015,"grunnskole, lærebøker, norsk",nno,2015,,,
2018082207047,"Bruheim, Magnhild",Årets farlegaste natt,2015,"grunnskole, lærebøker, norsk",nno,2015,,,
2018082207048,"Sønneland, Håkon Forfod",,2015,"grunnskole, grunnskolen, lærebøker, læreverk, norsk, språk",nob,2015,,,
2018082207049,"Tjønn, Brynjulf Jung",Brevet,2015,"grunnskole, grunnskolen, lærebøker, læreverk, norsk, språk",nob,2015,,,
2018082207053,"Borge, Synnøve",Bubo bubo,2015,"grunnskole, lærebøker, norsk",nno,2015,,,
2018082207055,"Lunde, Maja",Sceneskrekk,cop. 2015,"Norsk barnelitteratur, barnebøker, skjønnlitteratur",nob,2015,,,
2018082207086,"Borge, Synnøve",Rogn,2015,"grunnskole, lærebøker, norsk",nno,2015,,,
2018082207090,"Tjønn, Brynjulf Jung",Brevet,2015,"grunnskole, lærebøker, norsk",nno,2015,,,
2018082307078,"Hurum, Jørn H.",Havets kjempeøgler,2015,"grunnskole, grunnskolen, lærebøker, læreverk, norsk, språk",nob,2015,,,
2018082748001,"Eide, Lise Helset",Sivert kan,cop. 2015,,nob,2015,,,
2018083107101,"Diskin, Elizabeth",Enter 8,2015,"engelsk, grunnskolen, k13, lærebøker, ungdomstrinnet",mul,2015,engelsk for ungdomssteget,,
2018083107104,"Bringsværd, Tor Åge",Løveungen og Frøken Kanin :,2015,,nob,2015,på eventyr i Afrika,,
2018090407003,"Sørensen, Heidi Maria",Siri sommerfugl og bøllebillene :,[2015?],,nob,2015,en spennende fortelling om livet i blomsterenga -,,
2018090407030,"Bratlund, Bente","Fly, Thea! Fly!",2015,"barnebøker, fosterbarn, maling",nno,2015,,,
2018090407141,"Løken, Alexander",Ormeegget,2015,"barnelitteratur, norsk, spenning, spenningsbøker",nob,2015,,,
2018090507015,"Rybak, Alexander",Trolle og den magiske fela,2015,,nob,2015,,,
2018090507127,"Hydén, Görel",Les! Stopp! Tenk!,2015,"barnetrinnet, grunnskole, lesing, lærebøker",nno,2015,leseforståing for barnetrinnet,,
2018090507131,"Mæsel, Inger Johanne",Kristiansands historie fortalt for barn og unge,cop. 2015,"byhistorie, kristiansand, vest-agder",nob,2015,,,
2018090507138,"Solberg, Cecilie",Stairs,2015,"engelsk, grunnskole, lærebøker, læreverk",mul,2015,,,
2018090607026,"Hjorth, Michael",,2015,,nob,2015,,,
2018090607043,"Larsson, Tobbe",,2015,,nob,2015,,,
2018090607045,"Pichon, Liz",Min geniale verden,2015,"barnelitteratur, britisk, dagbokroman",nob,2015,,,
2018090607077,"Rasch-Halvorsen, Anne",Tusen millioner,2015,"grunnskolen, kunnskapsløftetk13, lærebøker, læreplan, læreverk, matematikk, revidert",nob,2015,,,
2018090607085,"Bjorvand, Agnes-Margrethe",Astrid Lindgren,2015,"Sverige, barn, barnelitteratur, biografier, litteratur, svensk",nob,2015,,,
2018090607108,"Sønneland, Håkon Forfod",Skumle småkryp,2015,"grunnskole, grunnskolen, lærebøker, læreverk, norsk, språk",nob,2015,,,
2018090707062,"Edwards, Ellen M. Tudor",Explore,2015,"barnetrinnet, engelsk, k13, lærebøker",mul,2015,engelsk for barnetrinnet,,
2018090707067,"Bjerke, Kari Kolbjørnsen",Salto 3 :,2015,"grunnskole, lærebøker, norsk",nno,2015,,,
2018091107080,"Sewell, Anna",Silkesvarten :,2015,,nob,2015,roman,,
2018091205018,"Shirvington, Jessica.",Forbudt,2015,,nob,2015,,,
2018091205038,"Tornes, Tonje",Hulder,2015,"barnebøker, fantastisk, fantasy, hulder, huldrer, litteratur, norsk, overnaturlig, ungdomsbøker",nob,2015,,,
2018091205064,"Grimstad, Lars Joachim",Solkongen,2015,,nob,2015,,,
2018091207002,"Sannes, Anne Mette",Terra nova,2015,"fantasy, fiction, science",nob,2015,,,
2018091207011,"Arnold, David",Mygglandet,2015,"amerikansk, oppvekstromaner, skjønnlitteratur",nob,2015,,,
2018091207018,"Stiefvater, Maggie",Jaget,cop. 2015,,nob,2015,,,
2018091207024,"Green, Sally.",Opprøret,2015,,nob,2015,,,
2018091207051,"Pedersen, Finn Hjalmar",Tidsmaskinen,cop. 2015,,nob,2015,,,
2018091407042,"Svingen, Arne",Hubert blir ikke forelsket,2015,"barnebøker, forelskelse, humor",nob,2015,,,
2018091407049,"Nelson, Jandy",Jeg gir deg sola,2015,"romaner, ungdomsbøker",nob,2015,,,
2018091407051,"Blyton, Enid",Da Timmy jagde katten,2015,,nob,2015,,,
2018091407057,"Shepard, Sara",Brent,2015,,nob,2015,,,
2018091705027,"Grøntvedt, Nina Elisabeth",Absolutt ukyssa :,2015,,nob,2015,NB: Dette er IKKE en klissete kjærlighetshistorie!!!,,
2018091705079,"Hydén, Görel",Les! Stopp! Tenk!,2015,"barnetrinnet, grunnskole, lesing, lærebøker",nob,2015,leseforståelse for barnetrinnet,,
2018091707005,"Stavrum, Arild",Maradonas moral,2015,,nob,2015,,,
2018091805035,"Solberg, Cecilie",Stairs,2015,"engelsk, grunnskole, lærebøker, læreverk",mul,2015,,,
2018091907032,"Skow, Lillian Wirak",Martin og Maja i verdens beste hage,[2015],,nob,2015,,,
2018091907039,"Schindler, Nina.",Alvefortellinger :,2015,,nob,2015,med spørsmål for bedre leseforståelse,,
2018091907040,"Flatland, Helga",Eline får besøk,2015,"barnebøker, dataspill, ipad, lettlest, vennskap",nob,2015,,,
2018091907057,"Simon, Francesca",Rampete Robin skaper spetakkel,cop. 2015,,nob,2015,,,
2018091907063,"Borge, Synnøve",Kongeøyenstikker,2015,"insekter, øyenstikkere",nob,2015,,,
2018091907093,"Belsvik, Rune",Kjendisen,2015,"barnebøker, barnelitteratur, humor, lettlesbøker, lettlest, norsk, spenning",nno,2015,,,
2018092507014,"Nordström, Tina",Tinas oppskrifter for unge kokker :,2015,"barnebøker, kokebøker, matlaging",nob,2015,vi fikser maten!,,
2018092507030,"Pilkey, Dav",Kaptein Supertruse og utedassfolkets ufyselige ugjerninger,2015,"amerikansk, barnebøker, barnelitteratur, grafiske romaner, humor, roman",nob,2015,,,
2018092507061,"Anly, Ingeborg",Kaleido,2015,"barnetrinnet, grunnskolen, k13, lærebøker, læreverk, norsk",nob,2015,,,
2018092507081,"Hjardar, Espen",Faktor 10,2015,"grunnskolen, grunnskoleutdanningen, kunnskapsløftet, lærebøker, matematikk",nno,2015,,,
2018092707049,"Sheppard, Sarah",Viktige kart :,[2015],"atlas, barnebøker, faktabøker, geografi, kart",nob,2015,over vår eventyrlige jord : med massevis av spennende fakta,,
2018092707054,"Sørli, Jorid",,2015,"andrespråk, grunnskole, lærebøker, norsk, språk",nob,2015,,,
2018092807029,"Bøyum, Johannes",Avisheftet mitt :,2015,,nob,2015,avis - et massemedium,,
2018100488501,"Adbåge, Emma",Lille mage,cop. 2015,"bildebøker, billedbøker, magen, pekebøker",nob,2015,,,
2018100488504,"Patricelli, Leslie.",Smokken,cop. 2015,,nob,2015,,,
2018100807072,"Blyton, Enid","God jul, Fem!",2015,,nob,2015,,,
2018101007052,"Solem, Hanne",Bøllete dyr og andre dyr,2015,,nno,2015,,,
2018101007056,"Ulstein, Geir Stian",Martins vei til toppen :,2015,,nob,2015,tips og triks for å nå din fotballdrøm,,
2018101007059,"Svensson, Jenny",Sats :,2015,,nob,2015,grunnleggende norsk for ungdom : tekstbok 1,,
2018101007087,"Berge, Atle",Alle mann i forsvar!,2015,"barnebøker, fotball",nno,2015,,,
2018101007120,"Palm, Linda",Jeg-du-vi,2015,,nob,2015,,,
2018101007127,"Knutsen, Alf",Trøbbel ved Galleskjærene,2015,,nob,2015,,,
2018101007148,"Lipkowitz, Daniel",Lego utrolige ideer,2015,,nob,2015,,,
2018101007168,"Steineger, Erik",Nova 8-10,2015,"grunnskolen, lærebøker, naturfag, ungdomstrinnet",nno,2015,naturfag for ungdomstrinnet,,
2018101007175,"Malam, John",Dinosaurer,2015,"barnebøker, dinosaurer, faktabøker",nob,2015,,,
2018101007190,"Dahl, Hanne Hafnor",Oppgavebok,2015,"grunnskolen, kunnskapsløftetk13, lærebøker, læreplan, læreverk, matematikk, revidert",nob,2015,,,
2018101007238,"Berge, Torunn",Egypt :,2015,"arabiske, demonstrasjoner, egypt, farao, historie, hverdagsliv, mumier, pyramider, revolusjon, tahrirplassen, ungdom, våren",nob,2015,revolusjon i faraoenes land,,
2018101007288,"Shipley, Jocelyn.",Løgner og svik,2015,,nob,2015,,,
2018101007316,"Anly, Ingeborg",Kaleido,2015,"grunnskole, lærebøker, norsk",nno,2015,,,
2018101007343,"Dixon, Franklin W..",Roboten som ble borte,2015,,nob,2015,,,
2018101007358,"Herredsvela, Eivind",Grisene og den sultne grisungen,2015,,nob,2015,,,
2018101007364,"Linnestå, Aasne",Mamma er et annet sted,2015,"forsoning, norsklitteratur, savn, selvmord, sjølvmord, sorg, ungdomsbøker",nob,2015,,,
2018101007396,"Brown, Pierce.",,2015,,nob,2015,,,
2018101007404,"Kvalnes, Øyvind",Tord og Tale tar toget,2015,,nno,2015,,,
2018101107020,"Clare, Cassandra",,cop. 2015,"fantasy, ungdomsbøker",nob,2015,,,
2018101107029,"Hansen, Atle",Svartedalen,2015,grøsser,nno,2015,,,
2018101107031,"Clare, Cassandra",De fortapte sjelers by,2015,,nob,2015,,,
2018101107042,"Gaarder, Jostein",Appelsinpiken,2015,,nob,2015,,,
2018101107049,"Krisp, Caleb",Ivy Pocket og diamantmysteriet,2015,,nob,2015,,,
2018101107094,"Hargreaves, Roger",Herr Glemsk,2015,,nob,2015,,,
2018101107103,"Schulze, Anne-Marie",Los geht's,2015,"grunnskole, lærebøker, tysk",mul,2015,,,
2018101107109,"Alseth, Bjørnar",Multi [5-7],2015,"grunnskolen, k13, kunnskapsløftetk06, lærebøker, læreplan, læreverk, matematikk, revidert",nob,2015,,,
2018101107110,"Gronemann, Steffen",Alt om Real Madrid,2015,,nob,2015,,,
2018101107114,"Edwards, Ellen M. Tudor",Explore,2015,"barnetrinnet, engelsk, grunnskolen, lk06, lærebøkerk13, læreverk, språk",mul,2015,engelsk for barnetrinnet,,
2018101107164,"Hurum, Jørn H.",Havets kjempeøgler,2015,"grunnskole, lærebøker, norsk",nno,2015,,,
2018101107218,"Heide, Beate",Iiddáš ja guovssahas :,2015,"barnebok, død, døden",mul,2015,girjjáš eallima - ja jápmima - birra,,
2018101207013,"Rasch-Halvorsen, Anne",Tusen millioner,2015,"grunnskolen, k13, kunnskapsløftet, lærebøker, læreplan, læreverk, matematikk, revidert",nob,2015,,,
2018101207018,"Dolmen, Øystein",Knutsen &amp; Ludvigsen og den fæle Rasputin,2015,,nob,2015,,,
2018101677002,"Kirkegaard, Ole Lund",Frode og de andre skøyerne,2015,"barnebøker, danske, humor",nob,2015,,,
2018102207015,"Roth, Veronica",Opprøreren,2015,,nob,2015,,,
2018102207047,"Kroglund, Andrew P.",Farlig date :,cop. 2015,"spenning, ungdomsroman",nob,2015,ungdomsroman,,
2018102207052,"Knudsen, Sverre",Aarons hevn :,2015,"fantastisk, fiction, litteratur, norsk, science, ungdomsbøker",nob,2015,roman,,
2018102307030,"Uri, Helene",Fordi jeg elsker deg,2015,"barnelitteratur, forelskelse, forelskingmanipulering, mishandling, norsk, svik, ungdomsbøker",nob,2015,,,
2018102307054,"Saddlewick, A.B.",Skoleskrekk,cop. 2015,,nob,2015,,,
2018102307108,"Hunter, Erin.",Farlige spor,cop. 2015,,nob,2015,,,
2018102307113,"Bredow, Katarina von",Hun &amp; han,2015,,nob,2015,,,
2018102307120,"Collins, Suzanne",Underland-krøniken,2015,ungdomsbøker,nob,2015,,,
2018102505077,"Heger, Halvor",Crossroads 10,2015,"engelsk, grunnskolen, k06, k13, læreplan, læreverk, revidert, ungdomstrinnet",mul,2015,engelsk for ungdomstrinnet,,
2018103007024,"Alseth, Bjørnar",Multi [5-7],2015,"grunnskolen, k06, k13, kunnskapsløftet, lærebøker, læreplan, læreverk, matematikk, revidert",nob,2015,,,
2018103007055,"Naas, Tor Erling",Flammetenner,2015,,nob,2015,,,
2018103007068,"Waldemar, Karina",Lappe-Mikkel,2015,,nob,2015,,,
2018103007073,"Otterlei, Camilla Dahle",Kunsten å møte en bjørn,2015,"barnehager, bildebøker, billedbøker, mobbing, norsk barnelitteratur",nob,2015,,,
2018103007076,"Wiik, Øystein",,2015,,nob,2015,,,
2018103007083,"Dashner, James",The maze runner,2015,,nob,2015,,,
2018103007191,"Taylor, Laini",Støv &amp; stjerneskinn,2015,,nob,2015,,,
2018103007200,"Bergwitz-Larsen, Kirsti",Snyteskaftet,cop. 2015,,nob,2015,,,
2018103007239,"Dougherty, John",Pizzatrøbbel,cop. 2015,,nob,2015,,,
2018103007280,"Byron, Louise.",Det forlatte hotellet,2015,,nob,2015,,,
2018103007299,"Estes, Max",Vi flyr sørover,2015,"barnebøker, bildebøker, billedbøker, fugler, trekkfugler",nob,2015,,,
2018103007345,"Aurstad, Tore",Stå dønn stille! ; Knask eller knep,2015,,nob,2015,,,
2018103077004,"Steinholm, Monika",Fuck verden,cop. 2015,"forelskelse, forelsking, kjærleik, kjærlighet, litteratur, norsk, skjønnlitteratur, ungdomsbøker, ungdomslitteratur",nob,2015,,,
2018103077006,"Voss, Vera.",Modellene,cop. 2015,,nob,2015,,,
2018110607048,"Wirsén, Carin",Hvem tulle-ringer?,2015,,nob,2015,,,
2018110607058,"Palm, Linda",Jeg-du-vi,2015,,nob,2015,,,
2018110607143,"Pritchett, Georgia",Wilfred redder verden,2015,"barnebøker, engstelse, humor, lettlest",nob,2015,,,
2018110607190,"Fremstad, Kjersti",Tema,2015,"grunnskolen, kunnskapsløftetk06, lærebøker, læreverk, matematikk",mul,2015,matematikk for småskolen,,
2018110607212,"Fuglehaug, Randi",Slik blir du statsminister :,cop. 2015,"barnebøker, yrker, yrkesvalg",nob,2015,og 99 andre morsomme ting du kan gjøre når du blir stor,,
2018110607223,"Alvær, Frøydis",Mer enn bare luft,cop. 2015,"barnebøker, barnelitteratur, norsk",nob,2015,,,
2018110677076,"Grøntvedt, Nina Elisabeth","Happy ending, liksom?",2015,"barnebøker, barnelitteratur, forelskelse, norsk, ungdomsskolen",nob,2015,,,
2018111205052,"Rasch-Halvorsen, Anne",Tusen millioner,2015,"grunnskolen, k13, kunnskapsløftet, lærebøker, læreplan, læreverk, matematikk, revidert",nob,2015,,,
2018112177019,"Ryan, Carrie.",Skogen av klør og tenner,2015,ungdomsbøker,nob,2015,,,
2018112177044,"Soltvedt, Thor",Fire minutter på overtid :,cop. 2015,,nob,2015,ungdomsroman,,
2018112377040,"Griffiths, Andy",Gutta i det du-tror-det-ikke-før-du-får-se-det store trehuset med 52 etasjer,cop. 2015,,nob,2015,,,
2018120777019,"Døvle, Monica Østby",,2015,,nob,2015,,,
2018120777029,"Ewo, Jon",1992,2015,,nob,2015,,,
2018120777084,"Mæhle, Lars",Skoddefyrstens hevn,cop. 2015,,nob,2015,,,
2018120777091,"Coben, Harlan",Oppdageren :,2015,,nob,2015,en Mickey Bolitar-roman,,
2019011448506,"Ibrahim, Yasmin.",Jeg kan si Bismillah overalt!,2015,,nob,2015,,,
2019011448509,"Smith, Mike.",Klemmejakten,2015,,nob,2015,,,
2019011448514,"Löfgren, Ulf",Ludde har bursdag,2015,"fødselsdager, løft-på-klaffen",nob,2015,,,
2019011448515,"Williamson, Karen",,2015,,nob,2015,,,
2019011448516,"Patricelli, Leslie.",Potta,cop. 2015,,nob,2015,,,
2019011448520,"Waldemar, Jarle",Let og finn i bibelhistorier :,cop. 2015,,nob,2015,Jesus-fortellinger,,
2019011448521,"Le Huche, Magali",Paco og orkesteret :,cop. 2015,"barnelitteratur, billedbøker, lyd",nob,2015,10 instrumenter,,
2019011448525,"Bowers, Jenny.",Lille tre,2015,,nob,2015,,,
2019011448529,"Bergström, Gunilla",Albert Åberg puslespillbok :,cop. 2015,,nob,2015,5 puslespill med 12 brikker,,
2019011448531,"Billet, Marion",,cop. 2015,,nob,2015,,,
2019011448532,"Bringsværd, Tor Åge",Karsten + Petra :,2015,,nob,2015,"puslespillbok : 5 puslespill, 9 brikker",,
2019011448534,"Teckentrup, Britta",Firkant-jakt,2015,,nob,2015,,,
2019011448536,"Ibrahim, Yasmin.",Jeg kan gjøre dua overalt!,2015,,nob,2015,,,
2019011448552,"McBratney, Sam",Gjett hvor glad jeg er i deg,2015,,nob,2015,,,
2019011448566,"Martin, Ruth",Kroppen min :,cop. 2015,,nob,2015,finn ut hvordan kroppen ser ut både inni og utenpå!,,
2019011448568,"Martin, Ruth",På farten :,cop. 2015,,nob,2015,finn ut hvordan kjøretøyene ser ut både inni og utenpå!,,
2019011448575,"Ibrahim, Yasmin.",Jeg kan lese Koranen (nesten) overalt!,2015,,nob,2015,,,
2019011448576,"Ghani, Aisha.",Jeg kan be overalt!,2015,,nob,2015,,,
2019011577020,"Riordan, Rick",Olympos' blod,cop. 2015,,nob,2015,,,
2019011577029,"Roholte, Dorte.",Skjøre hjerter,2015,,nob,2015,,,
2019012577012,"Wills, Amanda",Ponnien i skogen :,2015,,nob,2015,Amanda Wills,,
2019012877001,"Simon, Francesca",Rampete Robins mareritt,2015,,nob,2015,,,
2019020807503,"Kjølberg, Kristoffer",Jeg [elsker] Oslo :,cop. 2015,,nob,2015,en myldrebok,,
2019020807505,"Scarry, Richard",Richard Scarry's kjempestore travle bok,cop. 2015,,nob,2015,,,
2019021477022,"Dahl, Roald",Georgs magiske medisin,2015,banebøker,nob,2015,,,
2019021477023,"Dahl, Roald",Charlie og sjokoladefabrikken,2015,"barnebøker, humor, nonsens",nob,2015,,,
2019022777017,"Lindgren, Astrid",Pippi Langstrømpe går ombord,2015,"barnebøker, litteratur, svensk",nob,2015,,,
2019022777029,"Svingen, Arne",Benny-Bobs biffbanan,2015,,nob,2015,,,
2019022777030,"Walgermo, Alf Kjetil",Kjære søster,2015,"barnebøker, døden, facebook, sorg, søstre, ungdomsbøker",nno,2015,,,
2019022877013,"Lunde, Maja",Sceneskrekk,2015,,nob,2015,,,
2019030177042,"Smith, Andrew",Gresshoppejungel :,2015,,nob,2015,hele historien,,
2019032277117,"Hoftun, Guro",Ord på S,2015,"barnebøker, død, døden, foreldreløs, litteratur, norsk, sakn, savn, sorg, ungdomsbøker",nob,2015,,,
2019032277143,"Riordan, Rick",Neptuns sønn,2015,"barnebøker, fantastisk, fantasy, gresk mytologi, ungdomsbøker",nob,2015,,,
2019032277148,"Zadoff, Allen.",Oppdraget,cop. 2015,,nob,2015,,,
2019032277165,"Malot, Hector",Frendelaus,2015,,nno,2015,,,
2019032277171,"Pantermüller, Alice",Ordentlig haraball,2015,,nob,2015,,,
2019040977225,"Bruhn, Ina.",Sofie &amp; Alvar,2015,,nob,2015,,,
2019040977258,"Storaker, Marit Fadum",Desemberreisen,cop. 2015,,nob,2015,,,
2019051407004,"Dybvig, Per",Jegeren :,cop. 2015,"barnelitteratur, bildebok, dyr, natur, skog, tegning",nob,2015,en fortelling fra skogen,,
2019052007002,"Shusterman, Neal",Teslas loft,2015,,nob,2015,,,
2019052007115,"Loberg, Karianne",Kvar er Eline?,2015,,nno,2015,,,
2019052007126,"Tjønn, Brynjulf Jung",Så vakker du er :,2015,,nno,2015,ungdomsroman,,
2019052007131,"Dougherty, John",Grøss og grevling!,cop. 2015,,nob,2015,,,
2019052007132,"Sortland, Bjørn",Nedtelling,cop. 2015,,nob,2015,,,
2019052107016,"Ragde, Anne B.",Haren og skilpadden,cop. 2015,"barnebøker, bildebøker, billedbøker, eventyr, fabler, lettlest, æsops",nob,2015,,,
2019052107021,"Kvalnes, Øyvind",Cupfinalen,2015,"grunnskole, lesing, lærebøker",nob,2015,,,
2019052107022,"Willems, Mo",Det er vanskelig å vente!,cop. 2015,,nob,2015,,,
2019052107114,"Dybvig, Ingeborg",Forfulgt i London,2015,"barnebøker, detektivfortellinger, spenning",nob,2015,,,
2019052107116,"Simukka, Salla",Rød som blod,2015,,nob,2015,,,
2019052107138,"Johansen, Eldrid",Julevalp,2015,,nob,2015,,,
2019052107170,"Arnesen, Laura Kristine.",Lett å flette :,2015,,nob,2015,trinn-for-trinn : en guide til de flotteste flettefrisyrene,,
2019052107171,"Hagerup, Hilde",Barnet mitt,2015,"barn, foreldre, lettlest, skjønnlitteratur",nob,2015,,,
2019061977006,"Guttorm, Anna Anita",Skuvlla-Biehtára Ánne ja Bohkosahtti dáža sirkus =,2015,,mul,2015,Skole-Petter Anna og Det lattervekkende norske sirkus,,
2019061977014,"Delaney, Joseph",Vokterens mareritt,2015,"fantasy, ungdomsbøker",nob,2015,,,
2019062507014,"Edwards, Ellen M. Tudor",Explore,2015,"barnetrinnet, engelsk, grunnskolen, k13, lk06, lærebøker, læreverk",mul,2015,engelsk for barnetrinnet,,
2019062507125,"Hargreaves, Roger",Herr Kilefant,2015,,nob,2015,,,
2019062777016,"Wandel, Andrea.",Lumske planer,2015,,nob,2015,,,
2019062777024,"Parvela, Timo",Ella og nattens riddere,2015,,nob,2015,,,
2019062777075,"Dahlin, Petrus",Samlingen,2015,,nob,2015,,,
2019062777081,"Kaaberbøl, Lene",Skammarens dotter,2015,,nno,2015,,,
2019062777086,"Rendtorff, Ida-Marie",Atomsonen,2015,"fantasy, framtidssamfunn, ungdomsbøker",nob,2015,,,
2019062777117,"Hunter, Erin",Måneskinn,cop. 2015,,nob,2015,,,
2019072307036,"Cohen, Della.",Askepott,2015,,nob,2015,,,
2019072307093,"Egeland, Tom",Skatten fra Miklagard,2015,,nob,2015,,,
2019072307095,"Kvalnes, Øyvind",Tord og Tale får hjelp,2015,,nno,2015,,,
2019072307096,"Walstad, Anette M.",Advokatbaronen,2015,,nob,2015,,,
2019072307123,"Kvalnes, Øyvind",Tord og Tale får hjelp,2015,"grunnskole, lesing, lærebøker",nob,2015,,,
2019072307202,"McGowan, Anthony",Flukten fra Camp Fatso,2015,,nob,2015,,,
2019072307244,"Ruju, Pasquale",Fanget i tåka,2015,,nob,2015,,,
2019081477002,"Mjønes, Johan B.",Kaptein Nemos testamente,cop. 2015,,nob,2015,,,
2019081477049,"Sugg, Zoe",Girl online,2015,,nob,2015,,,
2019082977035,"Saint-Exupéry, Antoine de",,2015,,nob,2015,,,
2019082977037,"Parvela, Timo",Ella dag og natt,2015,,nob,2015,,,
2019082977040,"Enger, Cecilie",Kjell-Aksel rocker,2015,,nob,2015,,,
2019082977071,"Zadoff, Allen.",Våpenet,2015,,nob,2015,,,
2019091977003,"Ohlsson, Kristina",Sølvgutten,2015,"barnebøker, romaner, spenning, ungdomsbøker",nob,2015,,,
2019091977032,"Yancey, Rick.",,2015,,nob,2015,,,
2019101577025,"Voss, Vera.",Hevnen,cop. 2015,,nob,2015,,,
2019102877022,"Dahl, Tor Edvin",Seier'n er vår!,2015,,nob,2015,,,
2018061107003,,Heksa Lilli :,2015,,mul,2015,magisk engelsklekse,,
2018061107013,,Heksa Lilli feirer fødselsdag,2015,,nob,2015,,,
2018061107017,,Heksa Lilli tryller lekser,2015,,nob,2015,,,
2018070307085,,Skal vi starte band?,2015,,nob,2015,,,
2018071607089,,Taki &amp; bestemor,2015,,nob,2015,,,
2018081407066,,Esopa fábelat,2015,,sme,2015,,,
2015092158048,,,[2015],"program, teaterprogram",nob,2015,,,
2018013048046,,,2015,"grunnskole, k13, kunnskapsløftet, lærebøker, læreplan, læreverk, matematikk, revidert, ungdomstrinnet",nob,2015,,,
2018020248128,,,2015,,nno,2015,,,
2018020248130,,,2015,,nno,2015,,,
2018020548041,,,2015,"engelsk, k13, lærebøker, læreverk, ungdomstrinnet",mul,2015,,,
2018020948005,,,2015,"grunnskolen, k13, kunnskapsløftetk06, lærebøker, læreplan, læreverk, matematikk, revidert, ungdomstrinnet",nob,2015,,,
2018030548002,,,2015,,nob,2015,,,
2018031248157,,,2015,"grunnskolen, lærebøker, naturfag, samisk, språk",sme,2015,,,
2018040948111,,,2015,"internett, personrett",nob,2015,,,
2018041748224,,,2015,"grunnskole, grunnskolen, lærebøker, læreverk, norsk, språk, ungdomstrinnet",mul,2015,,,
2018042348546,,,2015,,nob,2015,,,
2018050448258,,,2015,,nob,2015,,,
2018050748043,,,2015,,nob,2015,,,
2018050748058,,,2015,,mul,2015,,,
2018050748285,,,cop. 2015,"barnebøker, dyr, forskning, jorda, kropp",nob,2015,,,
2018050748306,,,[2015?],"finsk, grunnskole, lærebøker, språk",mul,2015,,,
2018051448093,,,cop. 2015,,nob,2018,,,
2018060148120,,,2015,,nob,2015,,,
2018060748070,,,2015,,nob,2015,,,
2018060807051,,,cop. 2015,,nob,2015,,,
2018061107092,,,2015,,nob,2015,,,
2018061207004,,,cop. 2015,billedbøker,nob,2015,,,
2018061207040,,,2015,"grunnskolen, lærebøker, mellomtrinnet, norsk",nno,2015,,,
2018061207046,,,cop. 2015,,nob,2015,,,
2018061207083,,,2015,"grunnskolen, k06, k13, kunnskapsløftet, lærebøker, læreplan, læreverk, matematikk, revidert",nob,2015,,,
2018061207155,,,2015,"grunnskolen, kunnskapsløftetk13, lærebøker, læreplan, læreverk, matematikk, revidert",nob,2015,,,
2018061807581,,,cop. 2015,,nob,2015,,,
2018062207512,,,2015,,nob,2015,,,
2018062207514,,,2015,,nob,2015,,,
2018062207516,,,2015,,nob,2015,,,
2018062607029,,,cop. 2015,,nob,2015,,,
2018062607124,,,2015,,nob,2015,,,
2018062905028,,,2015,"barnesteget, grunnskole, lærerbøker, læreverk, norsk",nno,2015,,,
2018071607094,,,2015,"barnetrinnet, grunnskolen, lærebøker, naturfag, samfunnsfag",nno,2015,,,
2018071707037,,,2015,,nob,2015,,,
2018071707046,,,2015,"barnetrinnet, grunnskolen, lærebøker, læreverk, naturfag, samfunnsfag",nno,2015,,,
2018071707123,,,2015,,nob,2015,,,
2018071707602,,,2015,"etikk, livssyn, religion",nno,2015,,,
2018071807113,,,cop. 2015,,nob,2015,,,
2018071807144,,,2015,"barnetrinnet, grunnskolen, lærebøker, læremiddel, læreverk, norsk",nno,2015,,,
2018071807155,,,2015,"grunnskolen, grunnskulen, k06, kunnskapsløftet, lærebøker, læreverk, matematikk, ungdomstrinnet",nno,2015,,,
2018072007005,,,cop. 2015,,nob,2015,,,
2018072007189,,,2015,,nob,2015,,,
2018072507027,,,cop. 2015,,nob,2015,,,
2018072507146,,,2015,,nob,2015,,,
2018072607074,,,2015,,nob,2015,,,
2018081407035,,,cop. 2015,,nob,2015,,,
2018081407036,,,cop. 2015,,nob,2015,,,
2018081407107,,,2015,,nob,2015,,,
2018081407135,,,2015,"barnetrinnet, grunnskole, lærebøker, læreverk, norsk",nob,2015,,,
2018081407144,,,2015,"grunnskolen, kunnskapsløftetk13, lærebøker, læreplan, læreverk, matematikk, revidert",nob,2015,,,
2018081407161,,,2015,,nob,2015,,,
2018082007015,,,2015,,nob,2015,,,
2018090607071,,,2015,,mul,2015,,,
2018091407021,,,2015,"grunnskolen, k13, kunnskapsløftetk06, lærebøker, læreplan, læreverk, matematikk, revidert",nob,2015,,,
2018091805101,,,2015,"barn, teaterforestilling",nob,2015,,,
2018092507013,,,2015,"barnebøker, dyreleksikon, engelsk",mul,2015,,,
2018101007162,,,2015,"8-10, grunnskolen, k13, kunnskapsløftet, lærebøker, læreplan, læreverk, matematikk, revidert, ungdomstrinnet",nno,2015,,,
2018101007205,,,cop. 2015,"barnebøker, dikt, ellinger, regler, rim, tellinger",nob,2015,,,
2018101205008,,,2015,"grunnskole, lærebøker, norsk",nno,2015,,,
2018101207012,,,2015,"engelsk, grunnskolen, k0613, lærebøker, ungdomstrinnet",mul,2015,,,
2018110607129,,,2015,"bønnebøker, bønner, kristne",nob,2015,,,
2018120777022,,,2015,"litteratur, musikarar, musikere, musikk, norsk, noveller, ungdomsbøker",nob,2015,,,
2019011448511,,,2015,,nob,2015,,,
2019011448517,,,[2015],,nob,2015,,,
2019011448533,,,cop. 2015,"barnebøker, billedbøker, norsk, ord, pekebøker, språk",nob,2015,,,
2019011448562,,,2015,,nob,2015,,,
2019052107102,,,2015,,nob,2015,,,
2019052107177,,,2015,,nob,2015,,,
2019072307060,,,2015,"barnetrinnet, grunnskolen, lærebøker, læreverk, norsk",nno,2015,,,
2019072407152,,,2015,"grunnskolen, k13, kunnskapsløftet, lærebøker, læreplan, læreverk, matematikk, revidert",nob,2015,,,
2019072407153,,,2015,"grunnskolen, k13, kunnskapsløftet, lærebøker, læreplan, læreverk, matematikk, revidert",nob,2015,,,
2019072407155,,,2015,"grunnskolen, kunnskapsløftetk13, lærebøker, læreplan, læreverk, matematikk, revidet",nob,2015,,,
2019072407161,,,2015,"barnetrinnet, grunnskolen, lærebøker, læremiddel, læreverk, norsk",nno,2015,,,
2019091977020,,,2015,"barnetrinnet, grunnskolen, k0613, lærebøker, matematikk",nno,2015,,,
